timestamp,open,high,low,close
2026-08-20T16:40:20+00:00,1.16811,1.16812,1.16808,1.16808
2026-08-20T16:40:30+00:00,1.16808,1.16811,1.16808,1.16808
2026-08-20T16:40:40+00:00,1.16808,1.1682,1.16808,1.1682
2026-08-20T16:40:50+00:00,1.1682,1.16824,1.1682,1.16824
2026-08-20T16:41:00+00:00,1.16824,1.16825,1.16809,1.16809
2026-08-20T16:41:10+00:00,1.16809,1.16812,1.16809,1.16812
2026-08-20T16:41:20+00:00,1.16812,1.16821,1.16812,1.1682
2026-08-20T16:41:30+00:00,1.1682,1.16821,1.16813,1.16814
2026-08-20T16:41:40+00:00,1.16814,1.16815,1.16807,1.1681
2026-08-20T16:41:50+00:00,1.1681,1.16812,1.16809,1.1681
2026-08-20T16:42:00+00:00,1.16812,1.16816,1.16805,1.16807
2026-08-20T16:42:10+00:00,1.16806,1.16807,1.16804,1.16806
2026-08-20T16:42:20+00:00,1.16806,1.16809,1.16804,1.16805
2026-08-20T16:42:30+00:00,1.16805,1.16806,1.16798,1.16801
2026-08-20T16:42:40+00:00,1.16801,1.16803,1.168,1.16803
2026-08-20T16:42:50+00:00,1.16803,1.16803,1.16799,1.16802
2026-08-20T16:43:00+00:00,1.16802,1.16808,1.16802,1.16808
2026-08-20T16:43:10+00:00,1.16808,1.16812,1.16808,1.16811
2026-08-20T16:43:20+00:00,1.16813,1.16815,1.16813,1.16814
2026-08-20T16:43:30+00:00,1.16816,1.16816,1.1681,1.1681
2026-08-20T16:43:40+00:00,1.1681,1.16818,1.1681,1.16818
2026-08-20T16:43:50+00:00,1.16817,1.16821,1.16817,1.1682
2026-08-20T16:44:00+00:00,1.16821,1.16822,1.16817,1.16819
2026-08-20T16:44:10+00:00,1.1682,1.1682,1.16817,1.16817
2026-08-20T16:44:20+00:00,1.1682,1.16821,1.1682,1.16821
2026-08-20T16:44:30+00:00,1.16821,1.16822,1.16818,1.16822
2026-08-20T16:44:40+00:00,1.1682,1.16823,1.16816,1.16816
2026-08-20T16:44:50+00:00,1.16816,1.16817,1.16814,1.16816
2026-08-20T16:45:00+00:00,1.16815,1.1682,1.16815,1.1682
2026-08-20T16:45:10+00:00,1.1682,1.16822,1.16819,1.16822
2026-08-20T16:45:20+00:00,1.16822,1.16822,1.1682,1.16821
2026-08-20T16:45:30+00:00,1.16821,1.16822,1.16817,1.1682
2026-08-20T16:45:40+00:00,1.1682,1.16821,1.16819,1.16821
2026-08-20T16:45:50+00:00,1.1682,1.16824,1.16818,1.16821
2026-08-20T16:46:00+00:00,1.16821,1.16827,1.16821,1.16824
2026-08-20T16:46:10+00:00,1.16824,1.16825,1.16822,1.16824
2026-08-20T16:46:20+00:00,1.16824,1.16824,1.16818,1.16822
2026-08-20T16:46:30+00:00,1.16822,1.1683,1.16821,1.16829
2026-08-20T16:46:40+00:00,1.16829,1.16833,1.16828,1.16832
2026-08-20T16:46:50+00:00,1.16833,1.16834,1.16831,1.16834
2026-08-20T16:47:00+00:00,1.16834,1.16834,1.16828,1.1683
2026-08-20T16:47:10+00:00,1.1683,1.16833,1.16828,1.16828
2026-08-20T16:47:20+00:00,1.16829,1.16831,1.16827,1.16831
2026-08-20T16:47:30+00:00,1.16831,1.16834,1.16828,1.1683
2026-08-20T16:47:40+00:00,1.1683,1.16833,1.16827,1.16829
2026-08-20T16:47:50+00:00,1.16829,1.16833,1.16827,1.16832
2026-08-20T16:48:00+00:00,1.16832,1.16836,1.1683,1.16833
2026-08-20T16:48:10+00:00,1.16831,1.16836,1.16831,1.16836
2026-08-20T16:48:20+00:00,1.16836,1.1684,1.16834,1.1684
2026-08-20T16:48:30+00:00,1.1684,1.16843,1.16837,1.16843
2026-08-20T16:48:40+00:00,1.16843,1.16845,1.16841,1.16844
2026-08-20T16:48:50+00:00,1.16844,1.16844,1.16841,1.16841
2026-08-20T16:49:00+00:00,1.16841,1.16841,1.16833,1.16834
2026-08-20T16:49:10+00:00,1.16834,1.16835,1.16832,1.16832
2026-08-20T16:49:20+00:00,1.16832,1.16841,1.16832,1.16841
2026-08-20T16:49:30+00:00,1.16841,1.16842,1.1684,1.16842
2026-08-20T16:49:40+00:00,1.16842,1.16843,1.16842,1.16843
2026-08-20T16:49:50+00:00,1.16843,1.16846,1.16843,1.16844
2026-08-20T16:50:00+00:00,1.16844,1.16846,1.16843,1.16844
2026-08-20T16:50:10+00:00,1.16844,1.16846,1.16833,1.16833
2026-08-20T16:50:20+00:00,1.16837,1.16839,1.16829,1.16831
2026-08-20T16:50:30+00:00,1.16831,1.16839,1.16831,1.16837
2026-08-20T16:50:40+00:00,1.16837,1.16837,1.16831,1.16832
2026-08-20T16:50:50+00:00,1.16831,1.16834,1.16829,1.16834
2026-08-20T16:51:00+00:00,1.16836,1.16845,1.16836,1.16845
2026-08-20T16:51:10+00:00,1.16845,1.16847,1.16844,1.16845
2026-08-20T16:51:20+00:00,1.16845,1.16845,1.16835,1.16835
2026-08-20T16:51:30+00:00,1.16835,1.16836,1.16833,1.16833
2026-08-20T16:51:40+00:00,1.16833,1.16833,1.1683,1.16832
2026-08-20T16:51:50+00:00,1.16832,1.16833,1.16831,1.16831
2026-08-20T16:52:00+00:00,1.16831,1.16832,1.16825,1.16825
2026-08-20T16:52:10+00:00,1.16825,1.1683,1.16824,1.1683
2026-08-20T16:52:20+00:00,1.16832,1.16835,1.16832,1.16834
2026-08-20T16:52:30+00:00,1.16834,1.16837,1.16833,1.16836
2026-08-20T16:52:40+00:00,1.16835,1.16835,1.16829,1.16829
2026-08-20T16:52:50+00:00,1.16824,1.16826,1.16821,1.16821
2026-08-20T16:53:00+00:00,1.16822,1.16826,1.16821,1.16826
2026-08-20T16:53:10+00:00,1.16826,1.16838,1.16823,1.16838
2026-08-20T16:53:20+00:00,1.16839,1.16843,1.16838,1.16841
2026-08-20T16:53:30+00:00,1.16841,1.16847,1.16841,1.16846
2026-08-20T16:53:40+00:00,1.16846,1.16851,1.16846,1.16851
2026-08-20T16:53:50+00:00,1.16851,1.16851,1.16848,1.1685
2026-08-20T16:54:00+00:00,1.1685,1.1685,1.16841,1.16845
2026-08-20T16:54:10+00:00,1.16844,1.16847,1.16844,1.16847
2026-08-20T16:54:20+00:00,1.16847,1.16849,1.16845,1.16848
2026-08-20T16:54:30+00:00,1.16849,1.16849,1.16839,1.16842
2026-08-20T16:54:40+00:00,1.16842,1.16843,1.16837,1.16839
2026-08-20T16:54:50+00:00,1.16838,1.16839,1.16835,1.16835
2026-08-20T16:55:00+00:00,1.16837,1.16838,1.16818,1.16824
2026-08-20T16:55:10+00:00,1.16823,1.16832,1.16823,1.1683
2026-08-20T16:55:20+00:00,1.16831,1.16831,1.16821,1.16822
2026-08-20T16:55:30+00:00,1.16822,1.16822,1.16817,1.16818
2026-08-20T16:55:40+00:00,1.16818,1.16822,1.16811,1.16822
2026-08-20T16:55:50+00:00,1.16823,1.16824,1.16821,1.16823
2026-08-20T16:56:00+00:00,1.16823,1.16823,1.16816,1.16817
2026-08-20T16:56:10+00:00,1.16817,1.16825,1.16817,1.16819
2026-08-20T16:56:20+00:00,1.16821,1.16822,1.16818,1.1682
2026-08-20T16:56:30+00:00,1.16818,1.16824,1.16808,1.16808
2026-08-20T16:56:40+00:00,1.16805,1.1681,1.16804,1.16805
2026-08-20T16:56:50+00:00,1.16805,1.1681,1.16805,1.1681
2026-08-20T16:57:00+00:00,1.16811,1.16814,1.1681,1.16812
2026-08-20T16:57:10+00:00,1.16815,1.16817,1.16812,1.16815
2026-08-20T16:57:20+00:00,1.16815,1.16822,1.16807,1.16814
2026-08-20T16:57:30+00:00,1.16816,1.16836,1.16816,1.16821
2026-08-20T16:57:40+00:00,1.16822,1.16831,1.16822,1.16831
2026-08-20T16:57:50+00:00,1.16829,1.16829,1.16824,1.16827
2026-08-20T16:58:00+00:00,1.16828,1.16829,1.16823,1.16825
2026-08-20T16:58:10+00:00,1.16825,1.16826,1.16822,1.16825
2026-08-20T16:58:20+00:00,1.16826,1.16834,1.16826,1.1683
2026-08-20T16:58:30+00:00,1.1683,1.16832,1.16823,1.16825
2026-08-20T16:58:40+00:00,1.16824,1.16826,1.16823,1.16826
2026-08-20T16:58:50+00:00,1.16826,1.16827,1.16824,1.16826
2026-08-20T16:59:00+00:00,1.16825,1.16835,1.16824,1.16834
2026-08-20T16:59:10+00:00,1.16834,1.16836,1.16832,1.16832
2026-08-20T16:59:20+00:00,1.16833,1.16838,1.16832,1.16838
2026-08-20T16:59:30+00:00,1.16838,1.16841,1.16838,1.1684
2026-08-20T16:59:40+00:00,1.1684,1.16841,1.16834,1.16834
2026-08-20T16:59:50+00:00,1.16834,1.16835,1.16829,1.1683
2026-08-20T17:00:00+00:00,1.1683,1.1683,1.16823,1.16826
2026-08-20T17:00:10+00:00,1.16826,1.16826,1.16821,1.16821
2026-08-20T17:00:20+00:00,1.16821,1.16825,1.16819,1.16823
2026-08-20T17:00:30+00:00,1.16822,1.16824,1.16819,1.16821
2026-08-20T17:00:40+00:00,1.16821,1.16822,1.16814,1.16814
2026-08-20T17:00:50+00:00,1.16814,1.16816,1.16814,1.16816
2026-08-20T17:01:00+00:00,1.16816,1.16816,1.16807,1.16807
2026-08-20T17:01:10+00:00,1.16809,1.16809,1.16804,1.16806
2026-08-20T17:01:20+00:00,1.16806,1.16879,1.16801,1.1687
2026-08-20T17:01:30+00:00,1.16866,1.16878,1.16837,1.1684
2026-08-20T17:01:40+00:00,1.16844,1.16844,1.16825,1.16825
2026-08-20T17:01:50+00:00,1.16827,1.16838,1.16826,1.16835
2026-08-20T17:02:00+00:00,1.1683,1.16868,1.1683,1.16866
2026-08-20T17:02:10+00:00,1.16867,1.16876,1.16861,1.16868
2026-08-20T17:02:20+00:00,1.16871,1.1688,1.16866,1.16876
2026-08-20T17:02:30+00:00,1.16877,1.1691,1.16877,1.16907
2026-08-20T17:02:40+00:00,1.16906,1.16906,1.16857,1.16857
2026-08-20T17:02:50+00:00,1.16857,1.16868,1.16853,1.16861
2026-08-20T17:03:00+00:00,1.16861,1.16871,1.16856,1.16868
2026-08-20T17:03:10+00:00,1.1687,1.16884,1.16867,1.16882
2026-08-20T17:03:20+00:00,1.16881,1.16903,1.16878,1.16886
2026-08-20T17:03:30+00:00,1.16883,1.16889,1.1687,1.16889
2026-08-20T17:03:40+00:00,1.16887,1.16908,1.16887,1.16908
2026-08-20T17:03:50+00:00,1.16907,1.16937,1.16901,1.16936
2026-08-20T17:04:00+00:00,1.16932,1.16932,1.16899,1.169
2026-08-20T17:04:10+00:00,1.16899,1.16916,1.16898,1.16912
2026-08-20T17:04:20+00:00,1.16912,1.16915,1.16906,1.16908
2026-08-20T17:04:30+00:00,1.16907,1.16909,1.16891,1.16892
2026-08-20T17:04:40+00:00,1.16895,1.16902,1.16883,1.16884
2026-08-20T17:04:50+00:00,1.16884,1.16896,1.16884,1.16895
2026-08-20T17:05:00+00:00,1.16895,1.16896,1.16877,1.16877
2026-08-20T17:05:10+00:00,1.16875,1.16879,1.16869,1.16876
2026-08-20T17:05:20+00:00,1.16877,1.16893,1.16877,1.16885
2026-08-20T17:05:30+00:00,1.16885,1.16892,1.16881,1.16892
2026-08-20T17:05:40+00:00,1.16893,1.16893,1.16883,1.16889
2026-08-20T17:05:50+00:00,1.16889,1.16889,1.1687,1.1687
2026-08-20T17:06:00+00:00,1.1687,1.16872,1.1685,1.1685
2026-08-20T17:06:10+00:00,1.16849,1.16851,1.16835,1.16838
2026-08-20T17:06:20+00:00,1.16838,1.16879,1.16834,1.16866
2026-08-20T17:06:30+00:00,1.16866,1.16873,1.16858,1.16858
2026-08-20T17:06:40+00:00,1.16856,1.16863,1.16854,1.16861
2026-08-20T17:06:50+00:00,1.16859,1.16864,1.1685,1.16851
2026-08-20T17:07:00+00:00,1.16851,1.16853,1.16836,1.16836
2026-08-20T17:07:10+00:00,1.16835,1.16836,1.1683,1.1683
2026-08-20T17:07:20+00:00,1.1683,1.16834,1.16829,1.16831
2026-08-20T17:07:30+00:00,1.16831,1.16835,1.16824,1.16828
2026-08-20T17:07:40+00:00,1.16828,1.16828,1.16824,1.16826
2026-08-20T17:07:50+00:00,1.16824,1.16828,1.16821,1.16822
2026-08-20T17:08:00+00:00,1.16822,1.16822,1.16809,1.16811
2026-08-20T17:08:10+00:00,1.16812,1.16814,1.16806,1.16813
2026-08-20T17:08:20+00:00,1.16813,1.16813,1.168,1.168
2026-08-20T17:08:30+00:00,1.16807,1.16807,1.16801,1.16803
2026-08-20T17:08:40+00:00,1.16804,1.16811,1.16801,1.16801
2026-08-20T17:08:50+00:00,1.16803,1.16806,1.16797,1.16805
2026-08-20T17:09:00+00:00,1.16805,1.16806,1.16789,1.1679
2026-08-20T17:09:10+00:00,1.16788,1.16789,1.1678,1.16781
2026-08-20T17:09:20+00:00,1.16778,1.16792,1.16775,1.16789
2026-08-20T17:09:30+00:00,1.16788,1.16788,1.16781,1.16782
2026-08-20T17:09:40+00:00,1.16783,1.16795,1.16782,1.16791
2026-08-20T17:09:50+00:00,1.16791,1.16805,1.16791,1.16802
2026-08-20T17:10:00+00:00,1.16802,1.16819,1.16802,1.16818
2026-08-20T17:10:10+00:00,1.1682,1.16821,1.1682,1.16821
